date,place,subp_credit_all,subp_credit_coc,subp_credit_whi,debt_in_collect_all,debt_in_collect_coc,debt_in_collect_whi,median_debt_in_collect_all,median_debt_in_collect_coc,median_debt_in_collect_whi,avg_cc_util_all,avg_cc_util_coc,avg_cc_util_whi,stud_loan_del_rate_all,stud_loan_del_rate_coc,stud_loan_del_rate_whi,cc_del_rate_all,cc_del_rate_coc,cc_del_rate_whi,auto_retail_loan_del_rate_all,auto_retail_loan_del_rate_coc,auto_retail_loan_del_rate_whi,mortgage_del_rate_all,mortgage_del_rate_coc,mortgage_del_rate_whi,afs_cred_all,afs_cred_coc,afs_cred_whi,del_afs_credit_rate_all,del_afs_credit_rate_coc,del_afs_credit_rate_whi,median_credit_score_all,median_credit_score_coc,median_credit_score_whi
2/1/2020,AK,25.02,35.15,19.97,27.11,32.68,22.65,2073,1248,2205,35.37,44.28,33.71,17.92,21.95,15.48,5.07,10.06,4.19,2.51,2.26,1.98,2.62,3.19,2.49,4.25,8.3,2.54,35.21,26.56,31.39,690,638,712
2/1/2020,AL,33.45,51.47,28.7,38.05,56.75,33.14,1917,1916,1916,32.84,42.32,31.13,20.4,30.11,17.4,7.62,13,6.66,7.33,12.11,6.1,4.1,7.38,3.69,8.18,13.15,6.83,18.81,24.56,16.83,665,587,676
2/1/2020,AR,32.93,52.27,30.24,37.97,58.2,35.07,1671,1847,1650,32.51,42.17,31.49,21.84,34.53,19.69,7.83,15.56,7.22,5.11,11.37,4.39,3.74,7.1,3.53,2.61,3.6,2.43,8.68,7.03,8.11,667,589,675
2/1/2020,AZ,26.45,41.21,18.94,32.4,47.48,24.48,2051,1995,2037,30.06,37.57,26.8,18.37,25.69,14.93,5.99,9.83,4.65,4.51,8.28,2.88,2.4,5.05,1.6,4.67,6.91,3.56,11.26,11.59,11.16,684,630,721
2/1/2020,CA,20.73,24.98,14.1,23.74,28.08,17.08,1842,1848,1679,27.83,30,24.54,15.12,17.78,10.97,5.48,6.82,3.71,3.98,5.16,2.02,2.13,2.74,1.34,4.42,5.44,2.64,16.85,16.74,15.9,704,680,736
2/1/2020,CO,20.41,34.63,16.74,24.61,40.45,20.51,1682,1401,1730,27.83,34.8,26.24,14.03,19.4,12.36,4.57,7.9,3.98,2.7,4.99,2.24,1.79,3.41,1.5,4.08,7.45,3.21,14.77,17.46,13.13,720,659,735
2/1/2020,CT,21.39,40.67,14.96,25.66,44.95,18.95,1625,1505,1656,28.25,39.15,25.64,13.03,21.99,9.88,5.45,11.33,4.04,2.88,6.42,1.98,3.67,6.9,3.2,1.42,2.5,0.99,12.95,13.33,10.85,716,636,740
2/1/2020,DC,26.1,38.1,7.01,28.2,41.02,7.53,1468,1535,966,29.38,36.99,19.89,16.43,22.72,5.05,5.85,9.14,1.96,6.01,7.7,0.77,2.34,3.74,0.69,2.6,3.79,0.43,11.46,13.33,n/a*,693,649,754
2/1/2020,DE,26.05,44.13,20.68,31.8,51.09,25.97,1891,1865,1808,29.73,39.28,27.13,16.04,24.94,12.31,6.39,12.08,5.11,4.1,7.2,3.31,3.37,7.63,2.81,5.87,9.83,4.57,11.57,13.27,9.5,690,618,717
2/1/2020,FL,26.81,33.83,21.91,33.14,39.48,28.54,2186,2240,2146,31.66,37.52,27.97,18.69,21.01,16.62,7.2,9.95,5.54,4.37,6.04,3.37,3.41,4.74,2.63,4.52,5.33,3.85,9.11,10.33,8.41,680,658,710
2/1/2020,GA,32.71,43.48,26.29,37.7,48.64,31.35,1948,2029,1874,35.09,42.6,31.62,19.42,23.94,15.4,8.33,13.04,6.14,6.57,9.41,4.9,3.94,6.16,3.18,5.61,7.59,4.36,7.87,9.16,7.17,665,621,683
2/1/2020,HI,16.6,16.72,18.85,18.09,18.05,22.13,1999,1946,n/a*,28.47,28.54,31.45,14.2,13.82,n/a*,5.18,5.24,6.58,3.67,3.71,1.69,2.24,2.21,n/a*,3.98,4.08,3.28,14.84,15.38,n/a*,720,719,703
2/1/2020,IA,19.85,46.5,19.1,23.03,42.68,22.21,1647,1646,1685,25.1,33.11,24.81,14.51,n/a*,14.22,4.68,11.48,4.57,2.7,n/a*,2.63,2.37,n/a*,2.24,2.51,1.91,2.42,9.08,n/a*,9.09,724,621,727
2/1/2020,ID,19.76,35.94,19.31,22.9,42.19,22.41,2307,n/a*,2324,27.59,n/a*,27.44,14.55,n/a*,14.36,4.31,n/a*,4.2,2.84,n/a*,2.72,2.08,n/a*,2.05,6.12,7.81,6.04,11.56,n/a*,11.27,712,643,714
2/1/2020,IL,23.65,41.42,18.12,28.53,46.32,22.95,1547,1532,1601,28.12,38.55,25.53,14.51,23.62,11.6,5.38,10.45,4.21,4.02,7.51,3.09,3.26,5.92,2.81,3.95,6.78,3.1,11.34,12.66,10.26,704,632,730
2/1/2020,IN,27.06,48.12,24.35,31.79,53.46,28.99,1872,1868,1863,29.58,41.11,28.6,18.49,31.22,16.54,5.98,11.83,5.44,3.93,8.64,3.47,3.43,7.32,3.24,5.26,8.53,4.85,8.52,11.57,7.69,682,600,695
2/1/2020,KS,23.49,42.09,20.35,27.88,47.32,24.56,1746,1554,1750,26.9,34.54,25.77,16.09,31.69,14.3,4.63,7.76,4.14,3.02,4.53,2.63,2.25,3.46,2.05,3.7,5.23,3.33,9.23,13.51,7.95,704,633,719
2/1/2020,KY,29.87,63.13,28.38,35.77,69,34.3,1342,1168,1348,29.64,43.52,28.99,20.33,36.6,19.72,6.61,18.63,6.29,4.75,12.36,4.56,3.28,6.48,3.16,4.8,7.34,4.62,7.16,11.11,6.95,675,552,676
2/1/2020,LA,35.04,48.68,29.29,42.14,56.17,36.29,1899,1865,1938,33.96,40.89,31.7,20.94,26.04,17.64,7.78,11.75,6.55,6.84,10.39,5.38,4.93,8.01,4.06,6.29,9.05,5.11,18.91,21.95,16.88,660,600,675
2/1/2020,MA,17.2,34.27,13.8,19.41,36.83,16.11,1549,1468,1594,25.81,37.24,24.24,10.71,18.89,9.03,4.89,9.53,4.1,2.6,6.57,2.01,2.49,5.03,2.31,1.43,3.52,1.08,13.32,11.6,14.66,729,654,743
2/1/2020,MD,25.25,34.65,18.87,28.49,38.37,21.79,1569,1684,1463,31.1,37.95,27.45,15.34,19.28,11.83,6.68,9.7,5.08,4.27,6.24,3,3.71,5.81,2.85,3.31,4.76,2.42,9.15,10.49,8.19,695,659,728
2/1/2020,ME,21.45,n/a**,21.41,28.18,n/a**,28.13,1694,n/a**,1706,28.1,n/a**,28.09,13.57,n/a**,13.47,4.96,n/a**,4.95,2.11,n/a**,2.13,3.14,n/a**,3.14,2.94,n/a**,2.96,6.41,n/a**,6.46,711,n/a**,712
2/1/2020,MI,24.63,53.49,20.4,29.96,60.67,25.51,1553,1879,1460,28.45,45.22,26.94,17.84,36.16,14.63,5.51,14.36,4.7,3.65,10.36,2.97,2.63,5.85,2.48,3.85,8.62,3.15,9.95,11.62,9.32,703,573,720
2/1/2020,MN,14.14,33.88,12.96,15.12,36.43,13.8,1700,1553,1720,24.61,35.92,24.1,11.18,25.18,10.27,3.77,7.78,3.56,2.06,5.29,1.89,2.04,4.13,1.97,1.97,3.07,1.89,8.44,11.36,8.08,738,655,743
2/1/2020,MO,26.97,55.89,23.52,32.55,62.98,28.91,1948,2118,1913,28.42,41.15,27.28,18.25,31.6,16.36,5.53,12.23,4.96,4.54,11.16,3.88,2.91,7.64,2.58,5.73,11.8,5,11.22,13.97,10.6,689,568,705
2/1/2020,MS,36,48.76,29.86,39.51,51.85,33.57,1774,1762,1741,36.23,43.05,34.21,22.61,29.47,18.29,10.03,14.9,8.45,8.05,11.62,6.22,5.95,9.43,4.87,7.15,8.83,6.26,17.39,19.59,15.93,653,599,671
2/1/2020,MT,19.87,50.94,18.62,22.82,55.32,21.51,1837,2480,1816,27.17,41.8,26.77,15.54,40.35,14.77,3.9,9.35,3.82,2.72,8.13,2.53,1.91,n/a*,1.86,2.3,4.18,2.19,7.01,n/a*,6.98,718,584,722
2/1/2020,NC,28.4,39.83,24,35.67,47.87,30.98,1670,1717,1633,30.74,37.74,28.5,16.64,21.51,13.94,6.81,11.29,5.67,5.08,7.71,4.06,3.42,5.67,2.93,4.95,6.67,4.21,8.21,10.29,7.22,678,638,702
2/1/2020,ND,16.46,37.54,15.81,17.69,44.19,16.86,2158,1933,2175,26.47,41.68,26.23,11.52,n/a*,11.28,4.15,9.38,4.05,2.29,10.26,2.09,1.9,n/a*,1.92,4.25,5.32,4.2,9.96,n/a*,9.7,726,621,728
2/1/2020,NE,18.16,36.92,16.04,19.97,40.75,17.6,2003,1951,2097,26.01,33.71,25.22,12.05,22.16,11.44,4.73,11.25,4.3,2.87,7.04,2.49,2.14,4.86,2,3.17,5.1,2.94,10.15,8.33,10.6,722,647,731
2/1/2020,NH,16.72,n/a**,16.72,20.04,n/a**,20.03,1674,n/a**,1681,26.61,n/a**,26.62,11.67,n/a**,11.65,4.74,n/a**,4.75,2.7,n/a**,2.68,2.75,n/a**,2.73,2.05,n/a**,2.04,7.43,n/a**,7.33,726,n/a**,727
2/1/2020,NJ,21.37,34,14.7,25.43,38.28,18.65,1379,1287,1455,27.66,34.28,24.82,13.26,20.11,9.44,5.52,8.76,4.19,3.21,5.87,2.14,3.6,5.1,3.14,2.14,2.98,1.64,11.68,12.46,10.03,711,661,737
2/1/2020,NM,29.8,35.52,18.99,36.31,42.46,23.81,1761,1749,1821,31.67,34.54,25.44,20.57,23.69,15.93,6.19,7.21,4.41,6.59,8.68,3.13,3.81,5.2,1.56,7.72,9.5,3.91,10.69,10.4,10.42,670,651,726
2/1/2020,NV,30.55,42.01,21.39,36.17,47.95,26.53,2132,1964,2155,32.84,38.23,28.71,21.34,26.97,17,7.52,10.49,5.58,5.18,8.17,3.12,2.4,4.18,1.69,9.94,13.01,6.77,19.01,20.97,16.68,672,630,711
2/1/2020,NY,20.34,28.62,15.96,22.64,30.14,18.76,1755,1686,1850,28.38,35.45,25.35,13.95,19.31,10.99,5.95,9.39,4.44,3.19,5.89,2.25,3.38,5.26,3.01,1.46,2.06,1.21,7.24,8.68,5.41,713,670,734
2/1/2020,OH,26.24,51.56,22.7,32.09,57.04,28.55,1529,1606,1502,28.2,40.92,26.98,17.74,31.16,15.42,5.78,12.53,5.12,3.67,8.81,3.09,2.86,5.81,2.66,7.38,12.46,6.7,9.31,12.85,8.4,691,585,709
2/1/2020,OK,32.7,53.12,29.34,38.62,60.3,35.16,2122,1901,2130,31.99,37.99,31.14,23.38,44.39,20.39,6.44,12.41,5.97,5.52,9.5,5.03,3.85,5.71,3.61,5,5.73,4.66,16.47,16.03,15.55,667,576,675
2/1/2020,OR,18.07,n/a*,17.34,20.08,n/a*,19.33,1540,n/a*,1552,27.17,n/a*,26.92,15.2,n/a*,14.77,4.13,n/a*,4.04,2.19,n/a*,2.11,1.65,n/a*,1.54,3.2,n/a*,3.1,9.67,n/a*,9.17,718,n/a*,721
2/1/2020,PA,22.44,48.66,18.74,27.12,54.51,23.26,1821,1791,1824,27.4,42.71,25.9,14.85,30.8,12.3,5.66,14.04,4.86,3.19,9.08,2.6,3.6,9.74,3.19,3.37,5.81,3.02,6.72,8.8,6.13,716,596,729
2/1/2020,RI,22.38,39.56,18.44,25,40.79,21.32,1794,1701,1803,29.01,39.24,27.21,14.9,22.2,13.16,5.77,10.82,4.86,2.78,5.68,2.4,3.42,4.11,3.3,2.36,3.32,2.15,11.73,20.21,8.19,708,643,724
2/1/2020,SC,32.72,46.32,27.74,41.31,56.1,35.88,2197,2182,2236,32.27,39.51,30.34,19.42,25.94,17.17,7.16,12.18,6.1,7.12,11.62,5.56,4.05,7.89,3.46,6.58,8.55,5.76,8.14,9.93,7.57,668,612,680
2/1/2020,SD,15.9,46.3,14.62,17.03,48.04,15.65,2201,2546,2201,26.7,37.38,26.45,10.36,22.41,10.1,4.46,10.81,4.39,2.89,16.55,2.52,2.05,n/a*,2.01,3.44,4.78,3.42,14.75,n/a*,14.85,725,593,729
2/1/2020,TN,29.98,54.09,26.64,35.73,59.91,32.52,1947,2144,1916,30.37,43.87,28.84,18.99,28.68,17.04,6.3,13.87,5.53,5.23,10.29,4.64,3.33,8.49,2.96,5.42,10.09,4.69,15.1,21.61,13.09,675,574,690
2/1/2020,TX,32.03,40.12,23.65,40.96,49.38,32.37,2102,2086,2109,33.07,37.13,29.49,17.54,20.68,14.23,6.95,9.08,5.15,6.65,9.05,4.37,4.02,5.8,2.73,5.65,6.95,4.23,10.1,10.37,9.36,666,637,696
2/1/2020,UT,19.3,36.75,17.95,21.91,41.14,20.59,1891,1693,1920,28.42,35.37,27.86,12.99,25.53,12.21,4.24,7.33,4.06,2.95,5.46,2.8,1.92,2.96,1.89,4.12,6.37,3.91,11.23,14.06,10.64,712,649,717
2/1/2020,VA,24.21,36.1,20.93,28.22,41.22,24.9,1776,1861,1693,29.41,36.02,27.58,14.19,20.12,11.99,5.35,8.4,4.52,3.55,5.2,3.02,2.73,3.78,2.53,4.2,5.42,3.88,8.05,9.56,7.69,706,656,722
2/1/2020,VT,15.81,n/a*,15.76,18.84,n/a*,18.8,1702,n/a*,1702,26.16,n/a*,26.21,10.42,n/a*,10.51,4.47,n/a*,4.46,2.43,n/a*,2.39,2.43,n/a*,2.45,0.64,n/a*,0.65,15.15,n/a*,15.15,727,n/a*,728
2/1/2020,WA,16.66,22.77,15.21,18.69,24.45,17.22,1794,1809,1761,27.25,30.35,26.84,12.62,15.67,11.81,4.1,6.32,3.78,2.48,3.38,2.26,1.62,2.25,1.52,5.45,7.5,4.87,9.31,10.45,8.88,725,690,731
2/1/2020,WI,19.41,52.73,16.43,23.54,58.14,20.44,1854,1853,1853,24.8,40.14,24.04,13.09,29.26,11.31,3.83,11.19,3.44,2.95,9.46,2.53,1.91,4,1.82,4.14,10.61,3.59,9.53,10.27,9.33,729,580,739
2/1/2020,WV,31.6,n/a*,31.46,40.45,n/a*,40.31,1643,n/a*,1634,30.93,n/a*,30.79,20.62,n/a*,20.51,6.98,n/a*,6.91,4.17,n/a*,4.14,4.03,n/a*,4,3.77,n/a*,3.77,4.92,n/a*,4.93,671,n/a*,672
2/1/2020,WY,22.84,71.7,22.48,27.17,83.02,26.77,2478,n/a*,2496,28.53,n/a*,28.47,12.87,n/a*,12.9,4.51,n/a*,4.44,2.68,n/a*,2.59,2.1,n/a*,2.11,4.2,3.77,4.16,12.43,n/a*,12.89,705,524,707
4/1/2020,AK,24.23,35.06,19.28,26.88,31.82,22.38,2130,1315,2242,32.52,40.59,30.92,14.81,21.52,13.04,4.6,9.35,3.74,2.36,2.31,1.61,2.66,5.56,2.43,4.34,8.44,2.71,33.41,21.54,32.19,696,644,718
4/1/2020,AL,32.36,50.18,27.71,37.64,56.12,32.82,1946,1966,1938,30.62,39.55,28.93,15.86,24.03,13.16,6.82,11.99,5.87,7.17,11.93,6.03,3.5,6.08,3.13,8.42,13.57,7.07,17.94,22.8,15.99,668,593,679
4/1/2020,AR,31.8,50.8,29.11,37.7,57.43,34.86,1657,1798,1629,30.04,39.08,29.06,16.86,26.89,14.99,7.14,13.46,6.66,4.91,10.28,4.39,3.21,4.45,3.08,2.83,3.91,2.64,6.99,6.47,6.3,670,593,675
4/1/2020,AZ,25.32,39.79,18.04,32.13,47.2,24.33,2035,1993,2011,27.68,34.52,24.66,15.36,21.32,12.36,5.57,9.18,4.31,4.25,7.43,2.81,1.99,4.05,1.35,4.92,7.37,3.68,9.59,9.8,9.13,687,636,723
4/1/2020,CA,19.99,24.08,13.62,23.98,28.35,17.26,1861,1874,1665,25.54,27.74,22.29,11.75,13.5,8.9,5.28,6.55,3.65,3.9,5.04,2.05,1.84,2.3,1.25,4.57,5.63,2.72,15.99,15.96,15.4,707,683,739
4/1/2020,CO,19.57,33.47,16.01,24.3,39.89,20.25,1668,1349,1730,25.52,32.36,23.93,11.72,15.45,10.23,4.4,7.72,3.83,2.59,4.42,2.13,1.56,2.73,1.33,4.23,7.64,3.35,13.68,17.87,11.48,723,663,739
4/1/2020,CT,20.59,39.69,14.12,25.47,44.91,18.6,1554,1417,1590,25.82,36.14,23.32,10.49,17.65,8.01,5.21,10.49,3.92,2.94,6.85,2,3.25,6.21,2.77,1.48,2.72,1.01,12.09,11.07,10.66,720,639,744
4/1/2020,DC,25.16,36.89,6.31,28.07,40.45,7.76,1441,1513,955,25.75,33.24,16.29,13.82,19.14,4.17,5.87,8.99,2.05,6.31,8.19,1.27,2.5,3.53,1.71,2.57,3.79,0.39,8.71,8.06,n/a*,698,655,759
4/1/2020,DE,25.2,43.24,19.93,31.29,51.05,25.35,1862,1932,1738,27.22,35.89,24.8,12.66,20.99,8.9,5.7,10.79,4.57,3.91,7.05,3.1,3.16,6.26,2.66,6.03,10.29,4.66,9.58,11.86,7.82,695,626,720
4/1/2020,FL,25.59,32.38,20.87,32.58,38.95,27.94,2184,2211,2149,29.18,34.68,25.7,15.06,16.75,13.45,6.83,9.57,5.23,4.23,5.84,3.23,2.95,4.16,2.32,4.76,5.65,4.05,7.75,8.82,7.03,684,661,713
4/1/2020,GA,31.51,41.94,25.27,37.29,48.29,30.94,1911,1999,1835,32.41,39.36,29.22,15.91,20.1,12.63,7.66,11.79,5.71,6.25,8.91,4.77,3.27,5.23,2.56,5.85,8,4.55,6.57,7.53,6.18,668,628,687
4/1/2020,HI,16.41,16.46,15.75,18.36,18.18,21.26,1965,1966,n/a*,26.19,26.17,26.2,12.63,12.52,n/a*,5.25,5.33,5.13,3.84,3.87,0,2.22,2.21,n/a*,4.12,4.25,2.36,12.47,13.02,n/a*,721,720,698
4/1/2020,IA,18.63,42.11,17.91,22.52,41.45,21.72,1646,912,1682,23.22,30.06,22.93,11.96,n/a*,11.76,4.25,10.34,4.14,2.45,n/a*,2.39,1.88,n/a*,1.78,2.64,2.63,2.55,6.98,n/a*,7.07,728,635,731
4/1/2020,ID,18.43,33.87,17.97,22.2,43.55,21.7,2142,n/a*,2164,25.58,n/a*,25.43,11.71,n/a*,11.51,4.07,n/a*,4.01,2.94,n/a*,2.82,1.29,n/a*,1.25,6.38,9.68,6.29,11.17,n/a*,10.96,715,647,717
4/1/2020,IL,22.44,39.55,17.02,27.8,45.39,22.23,1541,1538,1584,25.56,35.38,23.04,12.02,19.68,9.59,4.97,9.52,3.85,3.98,7.58,3.02,2.7,4.67,2.33,4.13,7.1,3.22,9.9,11.37,8.98,710,640,735
4/1/2020,IN,25.87,46.27,23.24,31.38,52.94,28.62,1884,1868,1879,27,37.63,26.11,15.25,25.87,13.61,5.49,10.78,5.02,3.75,8.11,3.34,2.83,6.07,2.66,5.44,8.79,5.02,6.85,8.89,6.16,686,608,700
4/1/2020,KS,22.7,40.7,19.59,27.55,46.97,24.24,1746,1562,1742,24.88,32.62,23.75,14.15,29.97,12.5,4.29,7.69,3.91,2.81,4.56,2.5,2.17,4.52,1.96,3.88,5.74,3.44,8.26,10.56,6.92,708,637,722
4/1/2020,KY,28.78,61.14,27.28,35.49,68.73,33.99,1333,1207,1338,27.37,42.63,26.77,16.88,30.83,16.41,5.96,16.28,5.71,4.55,10.08,4.37,3.03,4.59,2.92,5.06,7.34,4.85,6.05,4.49,6.06,675,552,679
4/1/2020,LA,34.09,47.26,28.54,41.97,56,36.15,1902,1897,1921,31.35,37.65,29.25,16.85,20.73,14.51,7.1,10.49,5.95,6.73,9.95,5.38,4.38,7.41,3.59,6.5,9.24,5.27,17.68,21.25,14.95,664,606,677
4/1/2020,MA,16.43,32.28,13.24,19.14,35.78,15.9,1580,1500,1637,23.29,33.95,21.83,8.55,14.86,7.24,4.74,9.21,3.93,2.4,5.62,1.91,2.14,4.15,2.03,1.48,3.63,1.12,11.16,11.41,11.73,733,661,745
4/1/2020,MD,24.19,33.36,17.98,28.32,38.05,21.73,1594,1707,1451,28.81,35.49,25.27,13.06,16.23,9.99,6.28,9.07,4.77,4.03,5.91,2.87,3.23,5.15,2.41,3.5,4.96,2.6,6.9,7.96,5.39,698,662,732
4/1/2020,ME,20.87,n/a**,20.85,27.85,n/a**,27.83,1717,n/a**,1720,25.79,n/a**,25.78,10.37,n/a**,10.24,4.84,n/a**,4.83,2.1,n/a**,2.12,2.92,n/a**,2.93,3.08,n/a**,3.09,5.38,n/a**,5.44,714,n/a**,714
4/1/2020,MI,23.58,52.09,19.43,29.6,60.45,25.14,1521,1859,1421,26.01,41.44,24.64,15.13,30.8,12.38,5.11,13,4.36,3.54,10.17,2.91,2.02,5.4,1.84,4.03,9.1,3.29,8.39,8.39,8.1,707,578,723
4/1/2020,MN,13.47,31.2,12.36,14.9,34.77,13.64,1738,1545,1764,22.56,32.52,22.06,9.02,22.05,8.16,3.54,7.3,3.37,2.01,4.33,1.85,1.81,2.87,1.78,2.01,3.18,1.93,5.9,4.44,5.89,741,664,746
4/1/2020,MO,26.11,54.19,22.72,32.43,62.55,28.78,1976,2147,1932,26.18,38.42,25.07,14.95,25.91,13.45,5.23,11.32,4.67,4.68,10.43,4.07,2.53,7.22,2.25,5.97,12.09,5.21,10.65,13.24,9.89,693,574,708
4/1/2020,MS,34.6,47.38,28.43,39.16,51.87,33,1763,1831,1719,33.6,39.44,31.83,18.37,23.83,15.11,9.21,13.53,7.76,7.43,10.66,5.6,5.12,8.22,4.07,7.39,9.16,6.45,15.78,16.72,14.73,657,605,674
4/1/2020,MT,18.96,50.95,17.74,22.55,54.95,21.28,1739,2230,1756,25.16,37.97,24.82,13.05,34.55,12.37,3.61,12.14,3.49,2.73,9.21,2.51,1.45,n/a*,1.4,2.52,4.63,2.4,4.73,n/a*,4.75,721,585,724
4/1/2020,NC,27.14,37.84,22.99,35.17,47.3,30.5,1663,1709,1622,28.5,34.71,26.42,13.38,17.12,11.13,6.33,9.88,5.37,4.82,7.19,3.94,2.98,4.99,2.47,5.23,7.08,4.43,6.19,8.19,5.78,682,644,707
4/1/2020,ND,15.72,40.59,14.92,17.37,43.56,16.5,2258,1677,2301,24.72,36.73,24.51,9.63,n/a*,9.33,3.79,9.18,3.68,2.19,9.26,2.02,2.04,n/a*,2.07,4.48,5.28,4.42,9.62,n/a*,9.59,729,628,732
4/1/2020,NE,17.17,36.31,15.02,19.79,39.93,17.45,1975,1968,2090,23.86,30.91,23.11,9.23,18.78,8.71,4.01,9.67,3.61,2.63,5.27,2.34,1.8,4.47,1.68,3.3,5.16,3.09,8.22,5.41,8.56,726,648,735
4/1/2020,NH,15.86,n/a**,15.86,20.09,n/a**,20.05,1661,n/a**,1670,24.48,n/a**,24.5,9.49,n/a**,9.47,4.44,n/a**,4.43,2.63,n/a**,2.6,2.33,n/a**,2.33,2.22,n/a**,2.21,5.87,n/a**,5.94,729,n/a**,729
4/1/2020,NJ,20.4,32.37,14.1,25.22,37.89,18.61,1359,1257,1455,25.2,31.25,22.62,10.91,16.25,7.98,5.29,8.39,4.03,3.18,5.58,2.22,3.16,4.5,2.73,2.24,3.11,1.71,9.22,10.01,8.33,714,666,741
4/1/2020,NM,28.51,34.05,17.51,35.87,41.84,23.4,1759,1715,1844,29.43,32.13,23.37,17.69,20.31,14.62,5.6,6.48,3.78,6.02,7.68,2.93,3.17,4.02,1.65,7.99,9.94,4.03,10,9.97,11.33,674,655,728
4/1/2020,NV,29.29,40.47,20.42,35.79,47.37,26.25,2119,1972,2117,30.46,35.74,26.51,17.51,22.78,13.61,7.09,10.31,5.11,4.94,7.69,3.18,2.01,3.26,1.64,10.28,13.48,7.01,18.25,20.68,14.98,675,635,715
4/1/2020,NY,19.46,27.51,15.14,22.57,30.17,18.65,1748,1689,1839,25.77,32.47,22.93,11.32,15.58,9.07,5.84,9.17,4.28,3.17,5.82,2.23,3.04,4.92,2.65,1.58,2.22,1.33,5.03,5.75,3.64,716,673,738
4/1/2020,OH,25.28,50.35,21.74,31.96,57.26,28.39,1532,1569,1516,25.78,38.11,24.61,14.51,25.41,12.59,5.4,11.77,4.8,3.65,8.35,3.11,2.49,5.03,2.34,7.51,12.66,6.82,8.54,11.74,7.69,695,591,712
4/1/2020,OK,31.08,50.93,27.75,37.23,57.85,33.97,2190,1962,2194,29.46,34.67,28.63,18.76,36.64,16.16,6.2,10.76,5.83,5.45,9.05,4.98,3.58,4.29,3.56,5.3,6.34,4.92,15.17,17.25,14.17,671,586,676
4/1/2020,OR,17.25,n/a*,16.5,19.89,n/a*,19.13,1547,n/a*,1567,25,n/a*,24.77,13.12,n/a*,12.7,3.87,n/a*,3.75,2.1,n/a*,2.02,1.39,n/a*,1.3,3.36,n/a*,3.28,8.92,n/a*,8.97,721,n/a*,723
4/1/2020,PA,21.58,47.48,17.93,27,54.54,23.09,1822,1746,1843,25.13,39.17,23.76,12.81,26.43,10.57,5.26,12.89,4.54,3.03,8.28,2.49,3.06,8.49,2.7,3.66,6.2,3.29,4.37,6.48,3.78,719,601,733
4/1/2020,RI,21.64,37.9,17.9,24.86,40.15,21.23,1789,1663,1837,26.53,35.02,24.95,11.81,17.89,10.53,5.33,10.23,4.5,2.48,4.86,2.17,3.27,3.89,3.11,2.43,3.41,2.22,8.42,13.4,6.21,711,648,727
4/1/2020,SC,31.83,45.5,26.83,41.24,56.33,35.7,2189,2175,2220,29.95,36.83,28.02,16.25,22.03,14.13,6.64,11.11,5.71,7.08,11.61,5.51,3.42,6.33,2.93,6.81,9.04,5.91,7.08,9.94,5.81,671,615,684
4/1/2020,SD,15.41,46.98,14.09,17.08,48.71,15.68,2174,2549,2143,24.68,33.65,24.45,8.26,19.3,8.04,4.16,7.96,4.08,2.67,14.81,2.31,1.42,n/a*,1.37,3.52,4.74,3.5,10.99,n/a*,10.86,727,588,732
4/1/2020,TN,28.75,51.91,25.61,35.13,58.4,32.03,1906,2036,1889,28.11,40.71,26.68,15.51,23.81,13.95,5.79,12.56,5.09,5.34,10.81,4.78,2.66,6.67,2.4,5.56,10.5,4.82,14.04,19.57,12.46,678,583,694
4/1/2020,TX,30.96,38.89,22.75,40.83,49.26,32.16,2098,2084,2102,30.41,34.18,27.01,14.59,17.12,12.05,6.57,8.43,4.95,6.63,9.02,4.35,3.39,4.78,2.38,5.89,7.24,4.39,8.92,8.73,8.71,668,642,700
4/1/2020,UT,18.58,37.02,17.21,21.74,40.97,20.43,1912,1833,1945,26.14,34.05,25.63,11.18,22.45,10.43,4,6.83,3.77,2.97,6.02,2.77,1.83,3.05,1.77,4.32,6.52,4.07,11.32,10.61,11.36,715,651,721
4/1/2020,VA,23.26,35.1,20.07,27.95,40.93,24.62,1772,1867,1694,26.99,33.36,25.26,11.49,15.55,9.59,5.03,8.04,4.26,3.47,4.93,3.14,2.3,3.34,2.11,4.38,5.74,4.04,7.92,10.17,6.43,709,659,725
4/1/2020,VT,15.41,n/a*,15.37,18.9,n/a*,18.86,1652,n/a*,1664,23.9,n/a*,23.93,8.73,n/a*,8.73,4.17,n/a*,4.15,2.32,n/a*,2.27,2.33,n/a*,2.32,0.66,n/a*,0.68,15.94,n/a*,15.94,730,n/a*,730
4/1/2020,WA,15.72,21.51,14.38,18.27,24.11,16.85,1808,1728,1752,24.93,27.88,24.58,10.49,12.75,9.89,3.92,6.33,3.61,2.25,3.34,2.05,1.28,2,1.17,5.65,7.63,5.07,9.06,10.79,8.32,729,695,735
4/1/2020,WI,17.56,49.34,14.74,21.2,54.41,18.26,1743,1684,1756,22.75,36.71,22.06,10.77,24.42,9.24,3.44,9.29,3.13,2.85,8.41,2.49,1.74,4.56,1.64,4.3,11.18,3.73,8.94,9.21,8.81,735,594,743
4/1/2020,WV,30.69,n/a*,30.58,40.37,n/a*,40.28,1581,n/a*,1568,28.56,n/a*,28.45,16.65,n/a*,16.46,6.53,n/a*,6.47,3.96,n/a*,3.93,3.08,n/a*,3.07,4.29,n/a*,4.28,2.83,n/a*,2.9,674,n/a*,674
4/1/2020,WY,22.02,73.08,21.65,26.7,82.69,26.31,2594,n/a*,2668,26.25,n/a*,26.2,9.87,n/a*,10.03,4.32,n/a*,4.3,2.83,n/a*,2.74,2.18,n/a*,2.15,4.45,5.77,4.38,12.78,n/a*,12.8,710,526,713
6/1/2020,AK,23.37,33.2,18.51,26.93,31.64,22.3,2145,1360,2240,31.99,40.31,30.57,13.58,18.99,11.64,4.14,7.32,3.19,2.49,2.91,1.68,2.13,5.43,2.08,4.38,8.46,2.67,32.67,20,32.17,701,646,722
6/1/2020,AL,31.77,49.91,27.12,37.89,56.87,32.93,1959,1936,1972,29.21,37.03,27.77,14.46,22.08,12.05,5.52,9.75,4.8,7.12,12.66,5.89,2.27,3.67,2.11,8.55,13.57,7.2,17.48,22.61,15.5,670,595,683
6/1/2020,AR,31.26,50.47,28.54,37.78,57.63,34.93,1652,1785,1639,28.8,36.35,27.92,15.05,23.19,13.57,6.08,11.57,5.67,5.06,10.49,4.47,2.32,2.85,2.22,3.04,4.35,2.83,6.2,5.88,5.43,672,596,678
6/1/2020,AZ,24.22,38.03,17.15,31.64,46.44,23.9,2056,2005,2061,25.86,31.97,23.22,14.15,19.46,11.45,4.69,7.64,3.7,3.93,7.02,2.5,1.27,2.24,0.95,5.09,7.63,3.81,9.04,8.78,8.59,694,642,728
6/1/2020,CA,19.29,23.33,13.01,24.03,28.44,17.29,1883,1895,1696,23.66,25.57,20.94,11.24,13.05,8.34,4.62,5.74,3.26,3.54,4.63,1.87,1.27,1.52,0.89,4.68,5.75,2.78,15.53,15.5,14.63,714,690,744
6/1/2020,CO,18.83,32.63,15.4,24.17,39.67,20.18,1676,1414,1720,24.3,30.24,22.96,10.57,14.88,9.09,3.76,6.46,3.25,2.6,4.91,2.07,1.09,2.34,0.89,4.3,7.81,3.4,12.95,17.09,11.14,728,666,743
6/1/2020,CT,19.78,38.37,13.53,25.51,44.79,18.71,1529,1404,1567,24.26,32.9,22.08,9.54,16.98,7.12,4.44,8.88,3.43,2.77,6.19,1.9,2.41,4.62,2,1.48,2.77,1.01,9.93,8.33,9.21,725,644,748
6/1/2020,DC,24.24,35.64,6.22,27.89,39.89,8.17,1469,1558,967,24.14,30.84,16.27,12.66,17.4,4.23,4.82,7.65,2.28,6.61,8.72,1.79,1.79,2.89,0.88,2.58,3.76,0.49,8.16,8.25,n/a*,707,660,761
6/1/2020,DE,24.47,41.83,19.54,31.42,51.08,25.53,1852,1887,1757,25.68,33.17,23.52,11.27,17.73,8.72,4.88,8.27,3.93,4.28,7.04,3.43,1.99,4.18,1.61,6.03,10.26,4.65,9.94,10.73,9.55,701,630,724
6/1/2020,FL,25.11,31.74,20.5,33.09,39.48,28.45,2227,2283,2188,27.78,32.69,24.68,13.91,15.35,12.46,6.03,8.5,4.59,3.94,5.46,3.05,2.02,2.77,1.61,4.88,5.78,4.15,7.13,7.54,6.84,688,663,717
6/1/2020,GA,30.59,40.52,24.57,37.37,48.25,31.14,1969,2053,1876,30.55,36.33,27.86,14.36,17.97,11.58,6.45,9.96,4.88,5.84,8.23,4.51,2.28,3.36,1.82,6.02,8.24,4.66,6.43,7.29,5.67,671,634,692
6/1/2020,HI,15.74,15.81,14.52,18.72,18.66,20.97,1996,1924,n/a*,24.59,24.54,26.37,11.16,10.84,n/a*,4.27,4.34,2.82,3.73,3.77,0,1.75,1.65,n/a*,4.15,4.27,2.42,12.1,12.47,n/a*,725,724,701
6/1/2020,IA,17.6,44.59,16.91,21.83,43.24,21.03,1670,1063,1719,22.28,27.92,22.03,10.62,n/a*,10.44,3.52,7.27,3.43,2.38,n/a*,2.26,1.28,n/a*,1.24,2.69,2.7,2.6,6.35,n/a*,6.38,732,630,735
6/1/2020,ID,17.75,28.57,17.29,21.75,42.86,21.26,2113,n/a*,2130,24.35,n/a*,24.21,10.59,n/a*,10.4,3.49,n/a*,3.41,2.62,n/a*,2.56,0.91,n/a*,0.87,6.46,7.94,6.35,11.09,n/a*,10.95,719,653,721
6/1/2020,IL,21.68,38.69,16.35,27.76,45.46,22.19,1564,1575,1600,24.33,32.81,22.21,10.98,18.44,8.64,4.33,8.25,3.37,3.76,7.17,2.86,1.92,3.38,1.68,4.2,7.25,3.27,9.75,11.04,8.98,715,644,739
6/1/2020,IN,25.23,45.77,22.61,31.35,53.01,28.6,1889,1865,1876,26.05,35.43,25.25,14.05,23.09,12.6,4.49,8.62,4.13,3.84,9.64,3.29,1.88,4.08,1.75,5.54,9.1,5.09,6.54,7.57,6.14,690,611,703
6/1/2020,KS,22.1,39.48,19.02,27.54,47.13,24.21,1726,1570,1722,24.18,31.17,23.18,12.69,25.77,11.22,3.56,6.61,3.2,2.54,3.7,2.24,1.51,1.9,1.41,4.05,6.14,3.6,7.52,10.53,6.74,712,640,725
6/1/2020,KY,27.92,61.8,26.38,35.31,69.14,33.77,1340,1074,1355,26.02,39.84,25.51,15.5,26.58,15.05,4.97,13.94,4.72,4.41,9.56,4.18,2.08,5.56,2.04,5.17,7.51,4.94,5.71,1.1,5.51,677,552,683
6/1/2020,LA,33.18,45.95,27.7,41.88,55.84,36.06,1915,1899,1946,29.71,34.74,28.09,15.34,18.88,12.99,5.88,8.74,5.07,6.55,10.08,5.1,2.96,4.75,2.44,6.64,9.47,5.4,17.54,20.67,14.67,667,611,682
6/1/2020,MA,15.44,30.8,12.37,18.82,35.05,15.7,1584,1500,1646,21.63,30.04,20.49,7.78,13.38,6.58,4.01,7.64,3.36,2.59,6.13,2.08,1.61,3.02,1.54,1.52,3.77,1.14,9.63,8.72,10.74,737,665,749
6/1/2020,MD,23.19,32.03,17.15,28.29,38.01,21.73,1588,1713,1450,27.02,33.14,23.88,11.69,14.48,9.07,5.3,7.68,4,4.07,5.74,2.92,2.12,3.45,1.6,3.53,4.97,2.63,6.32,7.05,5.29,706,665,736
6/1/2020,ME,19.79,n/a**,19.75,27.95,n/a**,27.9,1711,n/a**,1718,24.8,n/a**,24.8,9.49,n/a**,9.42,3.96,n/a**,3.93,1.98,n/a**,2.01,2.03,n/a**,2.02,3.05,n/a**,3.07,5.17,n/a**,5.21,718,n/a**,719
6/1/2020,MI,22.64,50.58,18.6,29.35,59.59,24.97,1517,1799,1422,24.25,37.55,23.12,13.73,28.92,11.13,4.13,10.73,3.52,3.78,12.49,2.94,1.31,3.12,1.21,4.09,9.19,3.33,7.11,7.28,6.81,713,585,728
6/1/2020,MN,12.61,29.45,11.57,14.68,33.93,13.47,1739,1636,1764,21.3,29.38,20.89,8.02,18.91,7.31,2.92,5.97,2.78,2.03,5.44,1.85,1.24,2.15,1.21,2.06,3.55,1.95,5.58,8.08,5.25,744,669,748
6/1/2020,MO,25.35,53.54,21.96,32.48,62.57,28.8,1977,2202,1932,25.07,35.43,24.15,12.95,22.56,11.65,4.35,9.94,3.88,4.47,10.62,3.85,1.73,4.9,1.56,6.16,12.33,5.39,9.8,12.26,9.09,697,579,713
6/1/2020,MS,33.66,46.53,27.69,38.98,51.5,32.84,1792,1837,1763,31.81,36.58,30.42,16.64,21.51,13.76,7.68,11.55,6.43,7.3,10.64,5.53,3.38,5.05,2.67,7.47,9.31,6.54,14.28,15.85,12.98,659,607,675
6/1/2020,MT,18.02,47.99,16.81,22.31,53.7,21.11,1742,1936,1763,24.28,37.22,23.99,11.52,29.82,10.9,3.04,8.03,3,2.92,16.67,2.46,1.11,n/a*,1.03,2.54,4.86,2.39,5.42,n/a*,4.53,723,601,728
6/1/2020,NC,26.36,37.08,22.26,35.26,47.45,30.62,1674,1723,1633,27.06,32.18,25.27,12.24,15.5,10.14,5.45,8.69,4.65,4.5,6.87,3.66,1.91,3.07,1.62,5.3,7.1,4.51,5.43,5.68,5.68,688,646,711
6/1/2020,ND,15.11,37.95,14.36,17.28,41.91,16.46,2211,1813,2254,24.33,38.02,24.11,8.46,n/a*,8.44,3.18,7.69,3.1,2.08,9.8,1.89,1.4,n/a*,1.42,4.53,5.28,4.45,10.71,n/a*,10.82,732,629,734
6/1/2020,NE,16.56,34.87,14.46,19.72,40.48,17.32,2020,1993,2130,23,29.56,22.38,7.76,17.5,7.18,3.36,8.49,3.12,2.33,5.17,2.02,1.08,2.08,1.07,3.39,5.81,3.14,6.47,2.41,6.96,729,648,738
6/1/2020,NH,14.98,n/a**,14.97,19.7,n/a**,19.65,1717,n/a**,1717,23.1,n/a**,23.12,8.47,n/a**,8.41,3.82,n/a**,3.79,2.34,n/a**,2.31,1.77,n/a**,1.76,2.23,n/a**,2.22,4.72,n/a**,4.78,734,n/a**,734
6/1/2020,NJ,19.58,31.54,13.29,25.18,37.79,18.57,1348,1238,1458,23.64,28.76,21.49,9.95,14.62,7.33,4.58,7.33,3.47,3.05,5.49,2.07,2.4,3.31,2.15,2.29,3.19,1.73,8.81,9.18,8.26,720,668,745
6/1/2020,NM,27.26,32.43,16.64,35.25,40.96,23.03,1774,1752,1798,27.31,29.63,21.48,15.78,18.2,12.14,5.05,5.79,3.74,5.93,7.72,2.92,2.19,2.61,0.69,8.17,10.11,4.11,10,10.54,12,675,659,736
6/1/2020,NV,28.4,39.68,19.49,35.65,47.47,26.01,2157,2012,2142,28.5,32.94,25.1,16.34,21.66,12.33,6.18,9.23,4.14,4.9,7.72,2.95,1.39,2.4,0.94,10.4,13.73,7.04,17.76,19.75,15.57,675,638,720
6/1/2020,NY,18.64,26.44,14.45,22.47,30.02,18.57,1775,1748,1839,24.14,29.68,21.84,10.37,14.49,8.18,5.05,8.1,3.63,3.1,5.55,2.24,2.23,3.72,1.88,1.61,2.24,1.35,4.25,4.67,3.45,722,676,743
6/1/2020,OH,24.72,49.48,21.24,31.98,57.4,28.38,1528,1546,1521,24.71,35.5,23.69,13,22.56,11.29,4.53,9.3,4.04,3.67,9.33,3.05,1.7,3.68,1.57,7.57,12.8,6.86,8.07,10.83,7.3,700,596,716
6/1/2020,OK,30.31,49.74,26.96,37.11,57.23,33.79,2160,1969,2158,28.43,33.22,27.63,17.02,32.73,14.64,5.38,9.59,5.03,5.4,9.39,4.95,2.1,2.03,2.03,5.44,6.66,5.04,14.03,15.53,13.13,673,589,679
6/1/2020,OR,16.42,n/a*,15.74,19.51,n/a*,18.78,1578,n/a*,1597,23.45,n/a*,23.23,12.13,n/a*,11.63,3.39,n/a*,3.33,1.86,n/a*,1.77,1.01,n/a*,1.02,3.38,n/a*,3.3,8.2,n/a*,8.13,726,n/a*,729
6/1/2020,PA,20.7,45.81,17.15,26.86,54.11,23.03,1811,1737,1836,23.92,35.55,22.78,11.86,24.17,9.82,4.42,10.89,3.81,2.95,7.94,2.43,2.2,5.76,1.96,3.71,6.37,3.33,4.44,6.21,3.82,723,609,737
6/1/2020,RI,20.26,35.09,16.83,24.35,39.52,20.77,1705,1527,1805,24.74,31.62,23.48,10.7,16.79,9.43,4.36,8.59,3.66,2.74,5.4,2.36,2.14,2.2,2.09,2.38,3.36,2.15,8.72,11.7,6.83,718,655,731
6/1/2020,SC,30.99,44.61,25.95,41.35,56.59,35.65,2169,2156,2196,28.5,34.35,26.69,14.83,19.66,12.7,5.61,9.49,4.82,6.96,11.88,5.2,2.29,4.36,1.9,6.93,9.27,5.99,6.37,8.7,5.64,673,617,689
6/1/2020,SD,14.85,44.66,13.58,16.86,49.24,15.4,2212,2192,2261,24.19,32.6,23.99,7.69,17.24,7.52,3.71,9.26,3.62,2.48,12.95,2.16,1.25,n/a*,1.25,3.52,4.79,3.5,10.45,n/a*,10.05,731,598,735
6/1/2020,TN,28.18,51.07,25,35.04,58.08,31.95,1910,1996,1897,26.95,37.94,25.7,14.29,21.68,12.92,4.86,9.98,4.32,5.28,11.74,4.59,1.93,4.08,1.76,5.66,10.67,4.91,13.75,20.39,11.94,682,586,698
6/1/2020,TX,30.36,38.18,22.34,40.89,49.27,32.26,2153,2138,2160,28.99,32.32,26.05,13.33,15.59,11.02,5.59,7.18,4.29,6.4,8.77,4.1,2.13,2.96,1.56,5.97,7.35,4.43,7.61,7.37,7.67,671,644,705
6/1/2020,UT,17.67,35.66,16.34,21.57,41.26,20.27,1960,1759,1984,24.71,31.44,24.24,9.74,18.81,9.04,3.59,6.36,3.41,2.58,6.19,2.43,1.15,2.94,1.12,4.39,7.09,4.13,10,12.68,9.72,720,654,724
6/1/2020,VA,22.5,34.06,19.32,27.86,40.82,24.45,1778,1872,1684,25.62,31.31,24.09,10.45,14.62,8.55,4.24,6.63,3.62,3.17,4.58,2.82,1.63,2.27,1.58,4.39,5.81,4.05,6.3,7.26,5.57,715,662,729
6/1/2020,VT,14.54,n/a*,14.48,18.76,n/a*,18.7,1708,n/a*,1715,22.69,n/a*,22.72,7.45,n/a*,7.53,3.55,n/a*,3.53,2.19,n/a*,2.12,1.73,n/a*,1.76,0.66,n/a*,0.68,14.71,n/a*,14.71,734,n/a*,735
6/1/2020,WA,14.97,20.51,13.69,18.04,23.78,16.63,1846,1737,1795,23.47,25.99,23.22,9.6,12.33,9.04,3.28,5.3,2.99,2.23,2.85,2.03,0.93,1.36,0.86,5.75,7.71,5.16,8.81,10.36,8.22,734,700,739
6/1/2020,WI,17.03,48.21,14.25,21.02,53.65,18.12,1768,1647,1805,21.84,33.93,21.22,9.71,21.86,8.3,2.9,7.88,2.63,2.75,8.71,2.36,1.21,3.79,1.12,4.39,11.52,3.78,8.13,8.46,8.05,738,599,746
6/1/2020,WV,29.72,n/a*,29.61,40.32,n/a*,40.22,1593,n/a*,1581,27.05,n/a*,26.97,15.19,n/a*,15.08,5.35,n/a*,5.3,4.02,n/a*,3.98,2.51,n/a*,2.51,4.4,n/a*,4.39,3.28,n/a*,3.27,675,n/a*,675
6/1/2020,WY,21.31,72.55,20.88,26.49,82.35,26.08,2533,n/a*,2543,25.56,n/a*,25.59,9.55,n/a*,9.74,3.91,n/a*,3.82,2.71,n/a*,2.64,1.3,n/a*,1.25,4.35,5.88,4.27,13.44,n/a*,13.5,715,n/a*,716
8/1/2020,AK,23.09,33.86,17.95,27.02,31.62,22.13,2173,1353,2187,31.34,39.96,29.77,13.68,19.74,12.01,3.63,6.19,2.71,2.32,1.69,1.58,1.65,5.1,1.13,4.35,8.43,2.75,32.74,20.31,33.33,701,648,723
8/1/2020,AL,31.14,48.74,26.61,37.47,56.51,32.54,1972,1991,1974,29.66,37.33,28.22,13.82,20.92,11.55,5.33,8.75,4.73,6.4,11.82,5.26,2.44,3.88,2.11,8.65,13.81,7.26,17.29,22.79,15.51,671,599,685
8/1/2020,AR,30.85,48.63,28.29,37.7,57.54,34.91,1646,1737,1636,29.13,36.47,28.29,14.34,21.9,12.81,5.96,10.98,5.57,4.51,8.97,3.92,2.19,2.41,2.06,3.23,4.34,3.03,5.89,4.61,5.25,672,599,677
8/1/2020,AZ,23.68,37.32,16.71,31.22,46.03,23.57,2069,2020,2059,25.94,32.01,23.27,13.44,18.47,10.76,4.39,7.1,3.47,3.53,6.33,2.2,1.23,2.32,0.88,5.13,7.84,3.77,8.56,8.33,8.29,696,644,729
8/1/2020,CA,18.77,22.72,12.7,23.77,28.17,17.08,1897,1910,1703,23.54,25.31,21.02,10.79,12.56,8.11,4.17,5.16,3,3.03,3.94,1.62,1.14,1.39,0.86,4.7,5.79,2.78,14.94,14.89,13.82,716,692,744
8/1/2020,CO,18.47,32.45,15.05,23.76,39.54,19.74,1699,1421,1759,24.71,30.56,23.37,10.33,15.15,8.83,3.57,5.92,3.1,2.37,4.42,1.91,1.07,2.32,0.88,4.38,7.85,3.48,12.93,17.2,10.73,729,667,743
8/1/2020,CT,19.27,37.73,13.03,25.13,44.57,18.3,1539,1405,1593,24.7,33.48,22.47,9.23,16.29,6.92,4.21,8.44,3.19,2.16,4.75,1.44,2.18,3.91,1.87,1.51,2.85,1.05,8.55,7.01,7.65,726,646,748
8/1/2020,DC,23.48,34.46,5.89,27.09,38.61,7.86,1492,1555,962,24.23,30.81,16.35,12.31,16.08,5.02,4.35,6.74,1.88,5.79,7.49,1.55,1.2,2.05,0.88,2.65,3.87,0.4,4.88,6.19,n/a*,710,663,763
8/1/2020,DE,23.92,40.63,19.04,31.12,50.35,25.42,1850,1874,1735,25.51,33.8,23.21,10.83,17.5,8.71,4.56,6.65,3.91,3.94,7.29,3.12,2.1,3.73,1.72,6.14,10.21,4.73,9,9.91,8.32,703,637,725
8/1/2020,FL,24.86,31.4,20.28,33.12,39.54,28.41,2209,2283,2151,27.81,32.26,24.93,13.04,14.62,11.62,5.67,7.93,4.33,3.45,4.82,2.63,1.94,2.49,1.61,4.92,5.83,4.18,7.01,7.41,6.55,689,664,717
8/1/2020,GA,29.86,39.35,24.08,36.91,47.39,30.73,1999,2101,1915,30.61,35.92,28.11,13.65,16.93,10.97,5.99,9.19,4.57,5.12,7.02,4.07,2.27,3.27,1.82,6.05,8.22,4.7,6.23,6.89,5.73,672,637,693
8/1/2020,HI,15.85,15.9,19.35,19.16,19.12,22.58,1896,1810,n/a*,24.46,24.52,27.78,10.76,10.4,n/a*,4.06,4.04,2.78,3.34,3.41,0,1.65,1.6,n/a*,4.14,4.26,2.42,12.2,12.59,n/a*,725,724,706
8/1/2020,IA,17.58,46.26,16.88,21.94,44.9,21.17,1667,1037,1698,22.75,27.75,22.51,10.27,n/a*,10.03,3.33,11.54,3.23,2.18,n/a*,2.08,1.52,n/a*,1.46,2.75,2.72,2.66,6.28,n/a*,6.31,731,630,734
8/1/2020,ID,17.67,31.34,17.2,21.78,43.28,21.24,2265,n/a*,2309,24.78,n/a*,24.64,10.25,n/a*,10.01,3.47,n/a*,3.38,2.46,n/a*,2.41,1.06,n/a*,1.03,6.41,8.96,6.29,10.99,n/a*,10.57,719,652,721
8/1/2020,IL,21.45,37.85,16.3,27.77,45.14,22.31,1586,1588,1626,24.64,32.36,22.73,10.57,17.59,8.34,4.08,7.53,3.23,3.32,6.38,2.54,1.95,3.16,1.77,4.27,7.35,3.31,9.29,10.88,8.49,715,646,738
8/1/2020,IN,25.16,45.95,22.51,31.33,53.2,28.54,1889,1855,1891,26.59,36.15,25.79,13.76,22.81,12.36,4.35,8.1,4.01,3.47,7.82,3.02,2.02,4.11,1.9,5.61,9.21,5.18,6.79,8.06,6.2,690,610,704
8/1/2020,KS,21.98,39.45,18.87,27.4,46.65,24.07,1735,1503,1779,24.64,31.84,23.66,12.25,23.42,10.89,3.64,7.02,3.28,2.28,4.17,2,1.52,1.88,1.44,4.09,5.95,3.69,7.84,14.46,7.25,712,645,724
8/1/2020,KY,27.48,60.5,25.95,35.19,68.46,33.67,1320,1071,1327,26.34,38.82,25.84,14.58,23.53,14.23,4.9,13.8,4.66,4.09,6.86,3.88,2,7.21,1.94,5.22,7.97,4.97,5.56,3.13,5.5,677,552,684
8/1/2020,LA,32.63,45.09,27.32,41.54,55.45,35.77,1923,1912,1955,29.91,34.58,28.4,14.47,17.86,12.27,5.54,7.74,4.92,5.87,8.95,4.59,2.82,3.92,2.45,6.68,9.57,5.45,17.55,20.82,14.69,668,615,683
8/1/2020,MA,15.02,30.12,12,18.76,34.97,15.68,1597,1458,1661,21.83,30.22,20.7,7.61,13.38,6.4,3.7,6.92,3.12,2.19,4.93,1.8,1.49,2.82,1.4,1.57,3.83,1.18,9.88,7.62,11.67,738,666,749
8/1/2020,MD,22.6,31.11,16.81,27.75,37.35,21.32,1611,1722,1490,27.07,33.02,24.07,10.9,13.68,8.34,4.78,6.87,3.56,3.54,4.94,2.57,2.01,3.1,1.52,3.61,5.04,2.68,7.31,7.83,6.71,707,667,736
8/1/2020,ME,19.51,n/a**,19.5,27.93,n/a**,27.89,1747,n/a**,1759,25.03,n/a**,25.04,8.98,n/a**,8.93,3.71,n/a**,3.71,1.9,n/a**,1.92,1.83,n/a**,1.83,3.09,n/a**,3.1,4.79,n/a**,4.69,719,n/a**,719
8/1/2020,MI,21.92,48.89,18.02,28.82,58.63,24.5,1515,1769,1430,24.4,36.75,23.32,13.16,27.87,10.65,3.61,8.83,3.14,3.39,11.33,2.61,1.26,2.39,1.19,4.1,9.29,3.33,6.6,7.43,6.2,714,592,729
8/1/2020,MN,12.22,28.53,11.19,14.4,34,13.18,1777,1689,1791,21.74,30.48,21.31,7.73,18.41,7.05,2.79,6.34,2.63,1.8,4.87,1.62,1.14,1.25,1.1,2.09,3.48,1.98,6.77,6.12,6.61,744,668,748
8/1/2020,MO,24.86,51.82,21.64,31.94,61.1,28.42,2046,2357,1975,25.55,35.81,24.63,12.24,21.65,10.99,4.27,9.16,3.86,4.08,9.76,3.48,1.64,4,1.5,6.29,12.81,5.49,10.04,10.84,9.52,699,585,713
8/1/2020,MS,33.05,45.9,27.02,39.15,52.1,32.82,1810,1828,1799,31.82,36.39,30.53,15.9,20.96,12.9,7.19,10.72,6.12,6.49,9.18,5.06,3.64,5.51,3.03,7.56,9.39,6.64,13.9,15.52,12.39,660,609,675
8/1/2020,MT,17.71,50.11,16.49,21.95,53.09,20.78,1789,2107,1807,24.53,40.38,24.2,11.18,30.36,10.56,3.12,6.2,3.12,2.53,15.38,2.13,1.24,n/a*,1.19,2.53,4.9,2.38,4.49,n/a*,4.01,724,592,728
8/1/2020,NC,25.71,36.1,21.66,34.36,46.29,29.69,1612,1662,1556,27.38,32.57,25.59,11.83,15.11,9.81,5.1,7.65,4.45,3.82,6.03,3.04,2.03,2.9,1.8,5.36,7.28,4.53,5.29,5.65,5.07,690,649,713
8/1/2020,ND,15.19,36.74,14.46,17.43,41.85,16.62,1976,1689,1999,24.93,35.82,24.69,8.26,n/a*,8.25,3.19,10.1,3.07,1.97,7.14,1.81,1.3,n/a*,1.32,4.53,5.75,4.44,11.66,n/a*,11.45,732,635,734
8/1/2020,NE,16.41,33.94,14.33,19.5,39.82,17.14,2095,1989,2242,23.74,29.8,23.16,7.27,16.92,6.76,3.4,7.22,3.21,1.99,4.92,1.7,1.12,2.99,1.06,3.43,5.74,3.19,7.65,6.1,8.08,728,649,737
8/1/2020,NH,14.68,n/a**,14.64,19.54,n/a**,19.49,1692,n/a**,1690,23.49,n/a**,23.5,8.5,n/a**,8.42,3.56,n/a**,3.54,2.18,n/a**,2.15,1.63,n/a**,1.64,2.29,n/a**,2.29,4.01,n/a**,4.05,734,n/a**,735
8/1/2020,NJ,19.04,30.83,12.94,24.93,37.46,18.4,1363,1270,1458,23.76,28.86,21.66,9.52,14.14,7.06,4.13,6.42,3.19,2.55,4.88,1.63,2.09,2.92,1.82,2.33,3.24,1.78,8.9,9,8.23,721,669,745
8/1/2020,NM,26.62,31.74,15.98,34.82,40.6,22.85,1724,1662,1853,27.51,29.63,22.7,14.85,16.98,11.16,4.66,5.54,3.4,5.57,7.09,2.7,2.38,3.33,0.88,8.32,10.31,4.12,10.09,10.21,11.18,675,662,735
8/1/2020,NV,27.7,38.8,18.96,35.44,47.24,25.86,2204,2050,2252,28.39,32.54,25.16,15.84,20.85,12.26,5.65,8.25,3.78,4.1,6.5,2.38,1.34,2.4,1.06,9.25,12.33,6.11,18.49,20.54,16.16,677,642,720
8/1/2020,NY,18.15,25.7,14.08,22.23,29.66,18.34,1783,1768,1843,24.16,29.44,21.99,10,13.88,7.9,4.5,7.05,3.31,2.73,4.83,1.99,2.18,3.29,1.94,1.63,2.28,1.36,3.64,3.91,2.95,723,678,743
8/1/2020,OH,24.42,49.24,20.9,31.81,57.34,28.2,1509,1502,1512,25.18,36.5,24.12,12.45,21.86,10.8,4.22,8.41,3.77,3.37,7.96,2.84,1.74,3.42,1.63,7.59,12.76,6.89,8.19,10.48,7.5,700,597,716
8/1/2020,OK,30.35,49.46,27.04,37.22,56.71,33.97,2183,2090,2153,28.96,34.27,28.21,16.1,31.47,13.88,5.08,7.85,4.8,4.62,7.59,4.18,2.36,2.56,2.24,5.52,6.73,5.1,14.2,15.04,13.54,673,591,680
8/1/2020,OR,16.02,n/a*,15.34,19.16,n/a*,18.47,1555,n/a*,1564,23.78,n/a*,23.56,11.61,n/a*,11.11,3.14,n/a*,3.09,1.68,n/a*,1.57,0.96,n/a*,0.9,3.4,n/a*,3.32,8.35,n/a*,8.29,727,n/a*,729
8/1/2020,PA,20.11,44.29,16.72,26.57,53.5,22.8,1825,1791,1831,23.92,34.52,22.86,11.41,22.92,9.48,4,9.39,3.52,2.53,6.24,2.13,2.08,4.83,1.88,3.78,6.64,3.36,4.15,4.82,3.78,724,616,738
8/1/2020,RI,19.6,32.91,16.46,23.9,37.68,20.59,1820,1646,1892,25.01,31.62,23.76,10.47,16.04,9.31,4.05,7.4,3.47,2.17,4.21,1.83,2.08,2.42,2,2.43,3.49,2.17,8.27,12.24,5.73,720,661,732
8/1/2020,SC,30.24,43.86,25.33,40.56,56.01,34.91,2158,2059,2200,28.66,34.47,26.94,14.27,18.91,12.17,5.21,8.13,4.47,6.39,10.67,4.83,2.32,4.94,1.89,7.06,9.4,6.08,6.16,7.79,5.29,675,620,692
8/1/2020,SD,14.7,44.37,13.44,16.63,49.45,15.15,2200,2205,2220,24.42,34.31,24.22,7.74,19.64,7.52,3.44,5.77,3.35,2.33,13.57,1.98,1.58,n/a*,1.56,3.6,4.86,3.57,10.83,n/a*,10.27,731,601,735
8/1/2020,TN,27.78,50.88,24.59,34.89,58.61,31.68,1954,2130,1922,27.27,37.48,26.08,13.66,20.65,12.35,4.67,9.33,4.18,4.84,11.23,4.15,2.02,4.29,1.86,5.75,10.66,4.97,13.29,18.93,11.73,683,586,699
8/1/2020,TX,29.98,37.72,22.09,40.78,49.2,32.13,2200,2193,2190,29.19,32.35,26.42,12.73,14.91,10.45,5.33,6.8,4.14,5.83,7.98,3.75,2.15,2.98,1.58,6.06,7.49,4.49,7.35,7.19,7.3,672,645,706
8/1/2020,UT,17.61,36.43,16.27,21.62,41.56,20.25,1977,1725,2011,25.32,33.38,24.83,9.65,20,9.09,3.33,8.27,3.1,2.43,9.57,2.24,1.05,2.27,1.05,4.27,6.12,4.02,10.17,19.35,9.92,720,654,724
8/1/2020,VA,22.04,33.47,18.94,27.51,40.43,24.11,1790,1929,1680,25.91,31.55,24.39,9.98,14.26,8.03,4,6.15,3.48,2.92,4.12,2.6,1.65,2.1,1.63,4.45,5.93,4.11,7.55,8.65,6.74,716,664,730
8/1/2020,VT,14.26,n/a*,14.21,18.57,n/a*,18.5,1748,n/a*,1750,22.67,n/a*,22.68,7.48,n/a*,7.55,3.33,n/a*,3.34,2.04,n/a*,1.99,1.75,n/a*,1.79,0.65,n/a*,0.66,13.43,n/a*,13.43,736,n/a*,736
8/1/2020,WA,14.62,19.84,13.34,17.71,23.73,16.23,1853,1725,1822,23.76,26.14,23.55,9.25,12.02,8.63,3.15,5,2.89,1.96,2.61,1.84,0.93,1.21,0.86,5.8,7.75,5.19,8.39,9.6,7.87,734,702,739
8/1/2020,WI,16.72,47.75,13.97,20.68,53.04,17.81,1782,1595,1823,22.24,34.11,21.63,9.44,20.5,8.14,2.86,7.22,2.63,2.58,8.17,2.2,1.18,2.99,1.11,4.43,11.8,3.79,8.06,7.56,8.14,738,601,746
8/1/2020,WV,29.35,n/a*,29.22,39.68,n/a*,39.57,1543,n/a*,1537,27.67,n/a*,27.59,14.69,n/a*,14.64,5.41,n/a*,5.38,3.81,n/a*,3.78,2.55,n/a*,2.52,4.55,n/a*,4.54,3.25,n/a*,3.25,675,n/a*,675
8/1/2020,WY,21.06,67.31,20.68,26.16,82.69,25.78,2566,n/a*,2569,26.09,n/a*,26.09,8.93,n/a*,9.19,3.81,n/a*,3.83,2.35,n/a*,2.3,1.51,n/a*,1.46,4.23,5.77,4.16,13.53,n/a*,13.52,714,524,716
10/1/2020,AK,23.18,32.89,18.2,26.92,32.24,21.8,2181,1273,2369,31.53,38.51,30,13.28,17.33,11.51,3.65,6.21,2.83,2.17,0.55,1.66,1.78,5.21,1.46,4.39,8.55,2.82,33.11,23.08,33.11,702,648,723
10/1/2020,AL,30.78,48.26,26.37,37.44,56.08,32.63,1953,1974,1941,30,37.68,28.58,12.94,20.13,10.83,5.06,8.85,4.45,6,10.3,5.05,2.4,4.04,2.16,8.67,13.83,7.24,17.25,22.73,15.27,671,601,684
10/1/2020,AR,30.5,48.66,27.83,37.7,57.39,34.89,1663,1767,1661,29.37,36.9,28.56,13.65,20.61,12.3,5.63,10.65,5.22,4.55,8.44,4.08,2,1.76,1.87,3.38,4.49,3.19,5.62,6.96,4.87,672,599,677
10/1/2020,AZ,23.12,36.16,16.43,30.66,45.14,23.23,2052,1975,2048,26.42,32.57,23.67,12.98,17.83,10.54,4.05,6.41,3.19,3.53,6.16,2.21,1.14,2.26,0.75,5.29,7.98,3.95,8.63,8.44,8.82,697,646,729
10/1/2020,CA,18.28,22.15,12.28,23.63,28.01,16.94,1896,1919,1701,23.49,25.23,20.97,10.4,12.16,7.88,3.69,4.55,2.64,2.79,3.6,1.51,0.95,1.11,0.81,4.75,5.86,2.77,14.82,14.86,13.88,716,693,744
10/1/2020,CO,18.05,31.99,14.71,23.65,39.27,19.71,1637,1386,1671,25,31.33,23.61,9.64,13.88,8.24,3.32,5.42,2.91,2.26,4,1.83,0.98,2.01,0.79,4.46,7.9,3.56,13.2,17.27,11.5,728,666,743
10/1/2020,CT,18.75,36.81,12.68,24.74,43.56,18.2,1546,1438,1588,24.82,33.57,22.58,8.8,15.82,6.61,3.83,7.82,2.88,2.15,4.92,1.43,1.86,3.09,1.61,1.56,3,1.05,9.3,10.21,8.11,726,648,748
10/1/2020,DC,22.83,33.09,5.75,26.54,37.64,7.68,1535,1572,955,24.81,31.41,16.46,11.83,15.01,4.81,4.19,6.31,1.91,5.8,7.73,1.81,1.21,1.84,0.88,2.8,3.98,0.54,5,6.51,n/a*,710,666,764
10/1/2020,DE,23.37,38.91,18.55,31.15,49.87,25.67,1847,1879,1694,25.97,34.35,23.64,10.32,17.12,8.24,3.99,5.16,3.51,3.35,5.09,2.73,1.71,3.53,1.25,6.23,10.52,4.7,9.21,7.95,9.13,702,643,725
10/1/2020,FL,24.6,31.19,20.04,33.03,39.58,28.3,2225,2292,2174,28.08,32.49,25.22,12.34,13.82,11,5.12,7.1,4.01,3.39,4.67,2.62,1.7,2.18,1.46,5.06,5.98,4.3,7.12,7.44,6.73,690,664,717
10/1/2020,GA,29.41,38.82,23.66,36.96,47.46,30.84,1983,2071,1909,30.99,36.48,28.4,13.03,16.31,10.37,5.52,8.5,4.3,5.02,7.06,3.83,2,2.64,1.71,6.13,8.36,4.78,6.75,7.42,5.86,672,638,693
10/1/2020,HI,15.58,15.58,21.37,18.93,18.91,25.64,1926,1878,n/a*,24.18,24.14,22.6,10.32,10.01,n/a*,3.46,3.47,5,3.36,3.51,n/a*,1.2,1.2,n/a*,4.2,4.32,2.56,11.43,11.61,n/a*,727,726,699
10/1/2020,IA,17.21,42.67,16.53,21.87,44,21.09,1677,826,1703,22.9,30.1,22.63,9.84,n/a*,9.6,3.12,8.77,3.04,1.97,n/a*,1.89,1.2,n/a*,1.16,2.81,2,2.72,6.52,n/a*,6.57,731,631,734
10/1/2020,ID,17.52,32.31,17.07,21.64,44.62,21.11,2262,n/a*,2312,24.76,n/a*,24.67,9.56,n/a*,9.3,3.22,n/a*,3.15,2.37,n/a*,2.33,0.95,n/a*,0.94,6.42,9.23,6.32,10.79,n/a*,10.63,720,652,722
10/1/2020,IL,21.21,37.59,16.14,27.93,45.24,22.49,1572,1564,1613,24.89,32.95,22.91,10.04,17.03,7.84,3.75,7.05,2.92,3.26,6.35,2.47,1.81,2.91,1.65,4.36,7.5,3.36,9.33,10.89,8.49,714,647,737
10/1/2020,IN,24.73,45.38,22.09,31.26,53.37,28.46,1856,1835,1861,26.78,36.21,25.96,13.12,21.79,11.78,4.16,8.01,3.84,3.32,7.47,2.91,1.86,2.82,1.79,5.74,9.46,5.28,6.88,7.97,6.46,690,612,703
10/1/2020,KS,21.77,40.4,18.72,27.38,47.12,24.05,1751,1498,1789,24.87,31.96,23.84,11.92,24.04,10.64,3.49,7.47,3.06,2.32,3.63,2.1,1.49,1.08,1.46,4.19,5.97,3.81,7.8,13.17,7.2,711,641,723
10/1/2020,KY,27.42,60.69,25.91,35.16,68.84,33.64,1315,1127,1322,26.67,39.41,26.17,13.8,21.81,13.47,4.59,14.1,4.36,3.96,8.19,3.75,1.93,7.14,1.86,5.28,8.16,5.05,5.94,4,6.09,678,552,684
10/1/2020,LA,32.2,44.55,26.99,41.61,55.05,35.9,1934,1958,1954,30.1,34.81,28.61,13.71,17.1,11.6,5.25,7.04,4.69,5.9,9.08,4.69,2.44,3.67,2.09,6.75,9.68,5.49,17.26,20.75,14.52,668,618,683
10/1/2020,MA,14.68,29.13,11.77,18.59,34.02,15.61,1584,1460,1653,22.18,31.2,20.99,7.38,13.17,6.23,3.37,6.42,2.85,2.14,4.88,1.76,1.3,2.28,1.22,1.61,4.04,1.19,9.95,6.62,12.25,737,667,749
10/1/2020,MD,21.91,30.12,16.22,27.47,36.81,21.15,1610,1715,1508,27.29,33.27,24.23,10.47,13.08,7.99,4.35,6.22,3.22,3.51,4.78,2.59,1.81,2.8,1.33,3.75,5.27,2.75,7.3,8.05,5.93,708,668,737
10/1/2020,ME,19.1,n/a**,19.07,27.66,n/a**,27.62,1691,n/a**,1696,24.88,n/a**,24.86,8.32,n/a**,8.27,3.34,n/a**,3.32,1.8,n/a**,1.81,1.75,n/a**,1.75,3.13,n/a**,3.15,5.01,n/a**,4.9,720,n/a**,720
10/1/2020,MI,21.56,48.09,17.73,28.67,58.45,24.4,1502,1738,1418,24.85,37.07,23.71,12.66,26.43,10.29,3.34,8.06,2.93,3.13,11.44,2.32,1.23,2.79,1.14,4.2,9.48,3.41,6.76,7.04,6.63,714,596,728
10/1/2020,MN,11.99,28.42,10.98,14.39,33.8,13.21,1727,1657,1736,21.89,31.48,21.43,7.32,16.43,6.75,2.65,5.86,2.5,1.7,4.14,1.55,1.12,1.78,1.09,2.2,3.77,2.09,6.11,7.62,5.7,744,669,748
10/1/2020,MO,24.66,52.05,21.41,32.16,61.69,28.58,2021,2280,1973,25.89,37.01,24.94,11.94,20.64,10.75,3.93,8.8,3.56,4.09,9.99,3.47,1.62,3.14,1.51,6.38,13.11,5.57,9.16,11.78,8.29,698,585,713
10/1/2020,MS,32.57,44.86,26.72,39.06,51.51,32.94,1845,1932,1837,32.2,36.94,30.78,15.09,19.96,12.17,6.73,9.87,5.76,6.51,9.43,5.09,3.54,5.06,2.91,7.65,9.36,6.77,13.99,15.37,12.63,661,612,675
10/1/2020,MT,17.34,48.93,16.13,22.08,53,20.93,1799,2092,1786,24.31,39.5,23.97,11.03,28.57,10.43,2.9,7.87,2.88,2.22,12.73,1.9,1.06,n/a*,0.96,2.63,5.15,2.48,5.44,n/a*,5.37,723,597,727
10/1/2020,NC,25.31,35.36,21.39,34.25,46.1,29.58,1568,1639,1511,27.65,33.13,25.78,11.4,14.68,9.42,4.75,7.35,4.02,3.67,5.79,2.87,1.81,2.83,1.59,5.41,7.37,4.59,5.64,6.31,5.31,690,649,713
10/1/2020,ND,15.15,37.3,14.43,17.43,43.09,16.59,1914,1476,1956,25.13,35.48,24.92,7.95,n/a*,8.03,2.93,5.88,2.88,1.98,7.62,1.8,1.13,n/a*,1.15,4.57,5.47,4.47,12.33,n/a*,12.17,730,635,733
10/1/2020,NE,16.23,32.85,14.24,19.49,39.6,17.17,2095,1992,2228,23.97,31.28,23.34,6.84,15.92,6.38,3.37,6.77,3.2,2.05,4.74,1.79,1.16,1.67,1.08,3.56,5.78,3.31,8.42,7.23,8.84,727,653,736
10/1/2020,NH,14.44,n/a**,14.42,19.49,n/a**,19.45,1728,n/a**,1723,23.67,n/a**,23.68,8.33,n/a**,8.3,3.33,n/a**,3.32,1.92,n/a**,1.89,1.36,n/a**,1.35,2.38,n/a**,2.38,5.47,n/a**,5.52,734,n/a**,734
10/1/2020,NJ,18.64,30.4,12.54,24.77,37.33,18.24,1372,1293,1483,24.1,29.56,21.84,9.07,13.72,6.7,3.71,5.9,2.83,2.4,4.51,1.58,1.86,2.7,1.63,2.38,3.36,1.82,9.44,9.82,9.12,721,669,745
10/1/2020,NM,26.3,31.4,15.98,34.78,40.62,22.89,1724,1650,1838,27.74,30.16,22.81,14.69,16.77,11.44,4.32,4.78,3.32,5.23,6.55,2.63,2.15,2.73,0.79,8.5,10.5,4.15,8.72,8.27,10.46,675,661,737
10/1/2020,NV,27.49,38.63,18.77,35.58,47.15,26.23,2215,2055,2267,28.92,33.57,25.48,15.15,20.6,11.81,5.3,7.22,3.77,3.71,6.1,1.93,1.14,1.88,0.76,9.34,12.45,6.27,18.45,19.66,16.81,677,642,719
10/1/2020,NY,17.92,25.3,13.92,22.24,29.72,18.32,1750,1729,1806,24.49,29.85,22.27,9.64,13.42,7.61,3.99,6.16,2.99,2.55,4.32,1.9,1.87,2.88,1.66,1.66,2.33,1.38,3.25,3.91,2.23,722,678,743
10/1/2020,OH,24.23,48.46,20.79,31.77,57,28.18,1500,1489,1507,25.42,36.08,24.39,11.8,20.75,10.26,3.98,7.16,3.59,3.3,8.3,2.74,1.6,3.23,1.49,7.67,12.85,6.96,8.36,10.75,7.64,699,601,716
10/1/2020,OK,29.95,48.55,26.83,37.19,56.51,34,2242,2111,2212,29.06,35.17,28.3,15.41,29.1,13.41,4.68,8.03,4.41,4.51,7.19,4.11,2.06,2.84,2.01,5.61,6.8,5.2,14.49,13.33,13.91,673,596,680
10/1/2020,OR,15.65,n/a*,15.04,19.05,n/a*,18.35,1542,n/a*,1552,23.83,n/a*,23.62,11.12,n/a*,10.62,2.98,n/a*,2.9,1.74,n/a*,1.67,0.76,n/a*,0.7,3.45,n/a*,3.36,8.57,n/a*,8.6,727,n/a*,730
10/1/2020,PA,19.62,43.06,16.33,26.37,52.89,22.64,1822,1775,1832,24.23,35.58,23.07,10.86,21.55,9.05,3.64,7.84,3.24,2.35,5.66,1.98,1.92,4.6,1.75,3.83,6.77,3.4,4.14,4.79,3.73,724,620,737
10/1/2020,RI,19.37,32.21,16.32,23.78,37.4,20.48,1803,1677,1891,25.45,32.76,24.01,10.2,15.43,9.04,3.5,6.6,2.94,2.34,4.1,1.98,1.95,2.44,1.78,2.53,3.59,2.26,7.02,8.91,5.17,719,660,732
10/1/2020,SC,29.97,43.49,24.99,40.58,56.39,34.85,2097,1966,2143,28.9,35.46,27.06,13.4,18.96,11.24,4.91,7.3,4.16,6.09,10.73,4.64,2.16,3.65,1.85,7.09,9.68,6.1,6.36,7.95,5.32,674,621,692
10/1/2020,SD,14.33,42.64,13.14,16.4,47.47,15.01,2212,2113,2272,24.26,35.69,24.01,7.01,16.67,6.86,3.25,6.54,3.2,2.2,12.59,1.86,1.4,n/a*,1.4,3.61,4.62,3.58,11.78,n/a*,11.28,731,608,735
10/1/2020,TN,27.65,50.58,24.46,35.01,58.89,31.86,1959,2153,1935,27.48,37.92,26.24,13.12,20.25,11.89,4.38,8.86,3.89,4.46,10.4,3.83,1.91,4.1,1.81,5.83,10.84,5.03,13.3,18.55,11.95,683,588,699
10/1/2020,TX,29.84,37.77,21.85,40.91,49.56,32.12,2163,2145,2173,29.46,32.65,26.65,11.83,13.84,9.82,4.84,6.14,3.85,5.59,7.6,3.64,1.91,2.57,1.47,6.15,7.55,4.59,7.44,7.23,7.5,672,645,706
10/1/2020,UT,17.2,36.23,15.9,21.41,41.8,20.06,1966,1717,2025,25.55,34,25.04,9.48,19.05,9.12,3.19,7.51,2.98,2.5,10.09,2.25,1.09,0.57,1.13,4.35,6.35,4.12,10.26,13.85,10.23,719,648,724
10/1/2020,VA,21.6,32.89,18.64,27.24,39.89,23.99,1804,1974,1683,26.18,31.84,24.6,9.56,14.12,7.73,3.66,5.84,3.14,2.84,4.07,2.54,1.42,1.6,1.42,4.42,5.9,4.06,6.06,6.97,5.67,716,664,729
10/1/2020,VT,13.73,n/a*,13.67,18.24,n/a*,18.19,1748,n/a*,1756,22.77,n/a*,22.79,7.18,n/a*,7.14,2.9,n/a*,2.91,2.05,n/a*,2.02,1,n/a*,1.02,0.64,n/a*,0.65,13.64,n/a*,13.64,736,n/a*,736
10/1/2020,WA,14.32,19.55,13.07,17.68,23.74,16.2,1856,1820,1824,23.86,26.5,23.68,9.04,11.73,8.3,2.88,4.11,2.68,1.82,1.93,1.68,0.84,1.22,0.77,5.84,7.79,5.23,8.76,9.33,8.61,734,702,739
10/1/2020,WI,16.58,47.42,13.83,20.88,53.25,17.99,1706,1501,1754,22.45,34.58,21.82,8.82,19.71,7.58,2.65,6.66,2.43,2.55,8.11,2.16,1.11,3.03,1.03,4.45,11.84,3.82,8.14,8.64,8.01,737,602,745
10/1/2020,WV,29.43,n/a*,29.31,40.36,n/a*,40.28,1581,n/a*,1566,28.16,n/a*,28.11,13.9,n/a*,13.92,5.03,n/a*,4.97,3.73,n/a*,3.74,2.63,n/a*,2.61,4.56,n/a*,4.55,3.16,n/a*,3.24,675,n/a*,675
10/1/2020,WY,20.8,67.31,20.41,26.45,82.69,26.08,2509,n/a*,2523,26.17,n/a*,26.2,8.79,n/a*,9.07,3.29,n/a*,3.22,2.4,n/a*,2.34,1.35,n/a*,1.3,4.31,5.77,4.3,14.03,n/a*,14.17,714,524,716